{
  "type": "ItemTurret",
  "name": "diamond",
  "description": "makes a blinding flash that confuses and weakens enemies. May strain the eyes of the user.:|",
  "targetAir": true,
  "targetGround": true,
  "shots": 100,
  "reloadTime": 100,
  "spread": 0.5,
  "recoilAmount": 0,
  "inaccuracy": 0,
  "size": 1,
  "health": 1000,
  "shootCone": 30,
  "rotateSpeed": 10,
  "range": 200,
  "ammoTypes":{
    "cosmic_dust": {
  "type":"ContinuousLaserBulletType",
"hitSize":1000
  "damage":10,
  "speed":25,
"knockback":0
"impact":true
  "lifetime": 1500,
"status":"unmoving"
"statusDuration":1000
"length":100
"width":10
"colors":[ffffffff, ffffffff, ffffffff, ffffffff]
  },
}
  "category": "turret",
  "shootSound": "respawn",
  "research": "cosmic_dust",
  "requirements": [
{
      "item": "cosmic_dust",
      "amount": 50
   }
  ]
}
