{
  "type": "ItemTurret",
  "name": "emerald geode",
  "description": "shoots a seed that grows a flower on contact",
  "targetAir": true,
  "targetGround": true,
  "shots": 1,
  "reloadTime": 20,
  "spread": 1,
  "recoilAmount": 0,
  "inaccuracy": 0,
  "size": 1,
  "health": 1000,
  "shootCone": 1,
  "rotateSpeed": 10,
  "range": 500,
  "ammoTypes":{
    "cosmic_dust": {
  "type":"BasicBulletType",
"frontColor":509050ff
"backColor":509050ff
"colorTo":509050ff
"colorFrom":709070ff
"length":5
"width":5
  "damage":10,
  "speed":5
  "lifetime": 100,
"fragBullets":10
"fragBullet":{
"type":"BasicBulletType",
"frontColor":509050ff
"backColor":509050ff
"colorTo":509050ff
"colorFrom":709070ff
"length":1
"width":1
  "damage":10,
  "speed":10
"drag":0.1,
  "lifetime": 500,
"fragBullets":2
"fragBullet":{
"type":"BasicBulletType",
"frontColor":509050ff
"backColor":509050ff
"colorTo":509050ff
"colorFrom":709070ff
"length":1
"width":1
  "damage":10,
  "speed":10
"drag":0.1,
  "lifetime": 500,
"fragBullets":2
"fragBullet":{
"type":"BasicBulletType",
"frontColor":509050ff
"backColor":509050ff
"colorTo":509050ff
"colorFrom":709070ff
"length":1
"width":1
  "damage":10,
  "speed":10
"drag":0.1,
  "lifetime": 500,
"fragBullets":2
"fragBullet":{
"type":"BasicBulletType",
"frontColor":509050ff
"backColor":509050ff
"colorTo":509050ff
"colorFrom":709070ff
"length":1
"width":1
  "damage":10,
  "speed":10
"drag":0.1,
  "lifetime": 500,
"fragBullets":2
"fragBullet":{
"type":"BasicBulletType",
"frontColor":709070ff
"backColor":709070ff
"colorTo":509050ff
"colorFrom":709070ff
"length":1
"width":1
  "damage":10,
  "speed":10
"drag":0.1,
  "lifetime": 2000,
"fragBullets":2
"fragBullet":{
"type":"ContinuousLaserBulletType",
"colors":[509050ff,509050ff,509050ff,509050ff]
"length":50
"width":1
  "damage":10,
  "speed":10
"drag":0.1,
  "lifetime": 1000,
}
}
}
}
}
}
},
}
  "category": "turret",
  "shootSound": "respawn",
  "research": "cosmic_dust",
  "requirements": [
{
      "item": "cosmic_dust",
      "amount": 200
   }
  ]
}
