{
  "type": "ItemTurret",
  "name": "large sapphire geode",
  "description": "Makes an ice stake that is so cold it burns.;)",
  "targetAir": true,
  "targetGround": true,
  "shots": 1,
  "reloadTime": 20,
  "spread": 1,
  "recoilAmount": 0,
  "inaccuracy": 0,
  "size": 2,
  "health": 1000,
  "shootCone": 1,
  "rotateSpeed": 10,
  "range": 293,
  "ammoTypes":{
    "cosmic_dust": {
  "type":"ContinuousLaserBulletType",
  "damage":10,
  "speed":10,
  "lifetime": 100,
"length":100,
"status":"freezing"
"statusDuration":500
"drag":0.05
"hitColor": 505090ff
"lightColor": 505090ff
"colors":[505090ff, 606090ff, 707090ff, 808090ff]
  },
}
  "category": "turret",
  "shootSound": "respawn",
  "research": "sapphire_geode",
  "requirements": [
{
      "item": "cosmic_dust",
      "amount": 200
   }
  ]
}
