{
  "type": "ItemTurret",
  "name": "emerald geode",
  "description": "makes earth waves to knockback enemies.",
  "targetAir": true,
  "targetGround": true,
  "shots": 10,
  "reloadTime": 10,
  "spread": 2,
  "recoilAmount": 0,
  "inaccuracy": 0,
  "size": 2,
  "health": 1000,
  "shootCone": 20,
  "rotateSpeed": 10,
  "range": 200,
  "ammoTypes":{
    "cosmic_dust": {
  "type":"ContinuousLaserBulletType",
"hitSize":1000
  "damage":10,
  "speed":1,
"knockback":20
"impact":true
  "lifetime": 1500,
"status":"unmoving"
"statusDuration":100
"length":10
"width":10
"colors":[609060ff, 509050ff, 309030ff, 009000ff]
  },
}
  "category": "turret",
  "shootSound": "respawn",
  "research": "emerald",
  "requirements": [
{
      "item": "cosmic_dust",
      "amount": 50
   }
  ]
}
