{
  "type": "ItemTurret",
  "name": "sapphire geode",
  "description": "uses magic to project water .",
  "targetAir": true,
  "targetGround": true,
  "shots": 1,
  "reloadTime": 1,
  "spread": 0,
  "recoilAmount": 0,
  "inaccuracy": 10,
  "size": 1,
  "health": 1000,
  "shootCone": 1,
  "rotateSpeed": 10,
  "range": 293,
  "ammoTypes":{
    "cosmic_dust": {
  "type":"liquidBulletType",
"liquid":"water"
  "damage":100,
  "speed":5,
  "lifetime": 1000,
"status":"wet"
"statusDuration":500
"pierce":true
"pierceCap":100
  "pierceDamageFactor":100
"knockback":1
"homingPower":100
"homingRange":50
  },
}
  "category": "turret",
  "shootSound": "respawn",
  "research": "cosmic_dust",
  "requirements": [
{
      "item": "cosmic_dust",
      "amount": 50
   }
  ]
}
