{
  "type": "ItemTurret",
  "name": "void",
  "description": "",
  "targetAir": true,
  "targetGround": true,
  "shots": 1,
  "reloadTime": 20,
  "spread": 1,
  "recoilAmount": 0,
  "inaccuracy": 0,
  "size": 1,
  "health": 1000,
  "shootCone": 1,
  "rotateSpeed": 10,
  "range": 500,
  "ammoTypes":{
    "cosmic_dust": {
  "type":"BasicBulletType",
"frontColor":000000ff
"backColor":000000ff
"colorTo":000000ff
"colorFrom":000000ff
"length":5
"width":5
  "damage":10,
  "speed":20
"lifetime":100000,
"homingPower":1,
"homingRange":10000
"fragBullets":10
"fragBullet":{
"type":"BasicBulletType",
"frontColor":000000ff
"backColor":000000ff
"colorTo":000000ff
"colorFrom":000000ff
"length":1
"width":1
  "damage":10,
  "speed":50
"drag":0.1,
  "lifetime": 5,
"fragBullets":3
"fragBullet":{
"type":"BasicBulletType",
"frontColor":000000ff
"backColor":000000ff
"colorTo":000000ff
"colorFrom":000000ff
"length":1
"width":1
  "damage":10,
  "speed":50
"drag":0.1,
  "lifetime": 5,
"fragBullets":2
"fragBullet":{
"type":"BasicBulletType",
"frontColor":000000ff
"backColor":000000ff
"colorTo":000000ff
"colorFrom":000000ff
"length":1
"width":1
  "damage":10,
  "speed":50
"drag":0.1,
  "lifetime": 5,
"fragBullets":3
"fragBullet":{
"type":"BasicBulletType",
"frontColor":000000ff
"backColor":000000ff
"colorTo":000000ff
"colorFrom":000000ff
"length":1
"width":1
  "damage":10,
  "speed":50
"drag":0.1,
  "lifetime": 5,
"fragBullets":3
"fragBullet":{
"type":"BasicBulletType",
"frontColor":000000ff
"backColor":000000ff
"colorTo":000000ff
"colorFrom":000000ff
"length":1
"width":1
  "damage":10,
  "speed":50
"drag":0.1,
  "lifetime":1,
"fragBullets":3
"fragBullet":{
"type":"ContinuousLaserBulletType",
"colors":[000000ff,000000ff,000000ff,000000ff]
"length":50
"width":10
  "damage":100,
  "speed":10
"drag":0.1,
  "lifetime": 2000,
"status":"unmoving",
"statusDuration":10000,
}
}
}
}
}
}
},
}
  "category": "turret",
  "shootSound": "respawn",
  "research": "cosmic_dust",
  "requirements": [
{
      "item": "cosmic_dust",
      "amount": 200
   }
  ]
}
