{
  "name": "magic",
  "description": "An vault that can be built anywhere on the map and transfers all items that are inputted directly to the main core, with magic of course.",
  "health": 1200,
  "size": 2,
  "buildLimit": 1000,
  "solid": true,
  "buildLimit": 1000,
  "update": true,
  "itemCapacity": 5000,
  "hasItems": true,
  "requirements": [
    {
      "item": "cosmic_dust",
      "amount": 40
    },
    {
      "item": "lead",
      "amount": 25
    },
    {
      "item": "titanium",
      "amount": 10
    }
  ],
  "category": "effect",
  "research": "cosmic_dust"
}
