{
  "type": "GenericCrafter",
  "name": "cosmos viewer",
  "description": "views the cosmos. (And attracts dust?)",
  "size": 2,
  "hasItems": true,
  "craftTime": 10,
  "craftEffect": "none",
  "itemCapacity": 240,
  "updateEffect": "none",
  "requirements": [
    {
      "item": "copper",
      "amount": 100
    },
    {
      "item": "phase-fabric",
      "amount": 1
    },
    {
      "item": "titanium",
      "amount": 10
    }
  ],
  "category": "effect",
  "research": "cosmic_dust",
  "outputItem": {
    "item": "cosmic_dust",
    "amount": 2
  }
}
