{
  "type": "GenericCrafter",
  "name": "phase-fabric",
  "description": "phase fabric from the essence of the cosmos.",
  "size": 2,
  "hasItems": true,
  "craftTime": 10,
  "craftEffect": "none",
"consumes":{
      "item": "cosmic_dust"
}
  "itemCapacity": 240,
  "updateEffect": "none",
  "requirements": [
    {
      "item": "copper",
      "amount": 100
    },
    {
      "item": "phase-fabric",
      "amount": 10
    },
    {
      "item": "titanium",
      "amount": 10
    }
  ],
  "category": "production",
  "research": "cosmic_dust",
  "outputItem": {
    "item": "phase-fabric",
    "amount": 5
  }
}
